{"last_tab":"","layout":"wide","site_width":"1200px","margin_offset":{"top":"0px","bottom":"0px"},"scroll_offset":"full","boxed_modal_shadow":"none","main_padding":{"top":"60px","bottom":"60px"},"page_template":"100_width","hundredp_padding":"30px","responsive":"1","grid_main_break_point":"1000","side_header_break_point":"800","content_break_point":"800","sidebar_break_point":"800","mobile_zoom":"1","visibility_small":"800","visibility_medium":"1100","typography_sensitivity":"0","typography_factor":"1.5","color_palette":{"color1":{"label":"Color 1","color":"#ffffff"},"color2":{"label":"Color 2","color":"#f2f2f2"},"color3":{"label":"Color 3","color":"#e0e0e0"},"color4":{"label":"Color 4","color":"#ff8b1e"},"color5":{"label":"Color 5","color":"#008ee6"},"color6":{"label":"Color 6","color":"#4c4c4c"},"color7":{"label":"Color 7","color":"#262626"},"color8":{"label":"Color 8","color":"#0f0f0f"}},"primary_color":"var(--awb-color4)","slider_position":"below","header_position":"top","header_layout":"v3","header_left_content":"social_links","header_right_content":"navigation","header_v4_content":"tagline_and_search","header_number":"Call Us Today! 1.555.555.555","header_email":"info@yourdomain.com","header_tagline":"Insert Tagline Here","header_banner_code":"","header_bg_image":{"url":"","id":"","height":"","width":"","thumbnail":""},"header_bg_full":"0","header_bg_parallax":"1","header_bg_repeat":"no-repeat","side_header_width":"280","header_padding":{"top":"0px","right":"0px","bottom":"0px","left":"0px"},"header_shadow":"0","header_100_width":"0","header_bg_color":"var(--awb-color1)","archive_header_bg_color":"var(--awb-color1)","header_border_color":"rgba(226,226,226,0)","header_top_bg_color":"var(--awb-color4)","tagline_font_size":"16px","tagline_font_color":"var(--awb-color8)","header_sticky":"1","header_sticky_tablet":"0","header_sticky_mobile":"0","header_sticky_shrinkage":"0","header_sticky_type2_layout":"menu_only","header_sticky_shadow":"1","header_sticky_bg_color":"var(--awb-color1)","header_sticky_menu_color":"var(--awb-color8)","header_sticky_nav_padding":"35","header_sticky_nav_font_size":"14px","nav_height":"94","menu_highlight_style":"bar","menu_highlight_background":"var(--awb-color4)","menu_arrow_size":{"width":"23px","height":"12px"},"nav_highlight_border":"3","nav_padding":"48","mobile_nav_padding":"25","megamenu_shadow":"1","main_menu_sub_menu_animation":"fade","dropdown_menu_top_border_size":"3","dropdown_menu_width":"200","mainmenu_dropdown_vertical_padding":"12","mainmenu_dropdown_display_divider":"0","menu_display_dropdown_indicator":"none","main_nav_search_icon":"1","main_nav_search_layout":"overlay","main_nav_icon_circle":"0","main_nav_highlight_radius":"2px","menu_sub_bg_color":"var(--awb-color1)","menu_bg_hover_color":"var(--awb-color3)","menu_sub_sep_color":"var(--awb-color3)","menu_h45_bg_color":"var(--awb-color1)","nav_typography":{"font-family":"var(--awb-typography3-font-family)","font-backup":"1","font-style":"","font-weight":"400","font-size":"var(--awb-typography3-font-size)","letter-spacing":"var(--awb-typography3-letter-spacing)","text-transform":"none","color":"var(--awb-color8)"},"menu_text_align":"center","menu_hover_first_color":"var(--awb-color4)","menu_sub_color":"var(--awb-color8)","nav_dropdown_font_size":"14px","flyout_menu_icon_font_size":"20px","flyout_nav_icons_padding":"32","flyout_menu_icon_color":"var(--awb-color8)","flyout_menu_icon_hover_color":"var(--awb-color4)","flyout_menu_background_color":"hsla(var(--awb-color1-h),var(--awb-color1-s),var(--awb-color1-l),calc(var(--awb-color1-a) - 6%))","flyout_menu_direction":"fade","flyout_menu_item_padding":"32","topmenu_dropwdown_width":"200","header_top_first_border_color":"var(--awb-color6)","header_top_sub_bg_color":"var(--awb-color1)","header_top_menu_bg_hover_color":"var(--awb-color2)","header_top_menu_sub_sep_color":"var(--awb-color3)","snav_font_size":"12px","sec_menu_lh":"48px","snav_color":"var(--awb-color1)","header_top_menu_sub_color":"var(--awb-color8)","header_top_menu_sub_hover_color":"var(--awb-color4)","mobile_menu_design":"classic","mobile_menu_icons_top_margin":"2","mobile_menu_nav_height":"42","mobile_nav_submenu_slideout":"1","mobile_menu_search":"1","mobile_menu_submenu_indicator":"1","mobile_header_bg_color":"var(--awb-color1)","mobile_archive_header_bg_color":"var(--awb-color1)","mobile_menu_background_color":"var(--awb-color1)","mobile_menu_hover_color":"var(--awb-color1)","mobile_menu_border_color":"var(--awb-color3)","mobile_menu_toggle_color":"var(--awb-color6)","mobile_menu_typography":{"font-family":"var(--awb-typography3-font-family)","font-backup":"1","font-style":"","font-weight":"400","font-size":"var(--awb-typography3-font-size)","line-height":"var(--awb-typography3-line-height)","letter-spacing":"var(--awb-typography3-letter-spacing)","text-transform":"none","color":"var(--awb-color8)"},"mobile_menu_font_hover_color":"var(--awb-color8)","mobile_menu_text_align":"left","megamenu_width":"site_width","megamenu_max_width":"1200","megamenu_interior_content_width":"viewport_width","megamenu_title_size":"18px","megamenu_item_vertical_padding":"7","megamenu_item_display_divider":"0","menu_icon_position":"left","menu_icon_size":"14","menu_icon_color":"var(--awb-color6)","menu_icon_hover_color":"var(--awb-color4)","menu_thumbnail_size":{"width":"26px","height":"14px"},"logo_alignment":"left","logo_margin":{"top":"34px","right":"0px","bottom":"34px","left":"0px"},"logo_background":"0","logo_background_color":"var(--awb-color4)","logo_custom_link":"","logo":{"url":"https:\/\/avada.website\/hosting-2\/wp-content\/uploads\/sites\/178\/2023\/04\/avada-hosting-logo-02.png","id":"87","height":"147","width":"903","thumbnail":"https:\/\/avada.website\/hosting-2\/wp-content\/uploads\/sites\/178\/2023\/04\/avada-hosting-logo-02-150x147.png"},"logo_retina":{"url":"","id":"","height":"","width":"","thumbnail":""},"sticky_header_logo":{"url":"","id":"","height":"","width":"","thumbnail":""},"sticky_header_logo_retina":{"url":"","id":"","height":"","width":"","thumbnail":""},"mobile_logo":{"url":"","id":"","height":"","width":"","thumbnail":""},"mobile_logo_retina":{"url":"","id":"","height":"","width":"","thumbnail":""},"fav_icon":{"url":"https:\/\/avada.website\/hosting-2\/wp-content\/uploads\/sites\/178\/2023\/08\/favicon-2.png","id":"1631","height":"192","width":"192","thumbnail":""},"fav_icon_apple_touch":{"url":"","id":"","height":"","width":"","thumbnail":""},"fav_icon_android":{"url":"","id":"","height":"","width":"","thumbnail":""},"fav_icon_edge":{"url":"","id":"","height":"","width":"","thumbnail":""},"page_title_bar":"hide","page_title_bar_bs":"breadcrumbs","page_title_bar_text":"1","page_title_100_width":"0","page_title_height":"300px","page_title_mobile_height":"240px","page_title_bg_color":"var(--awb-color2)","page_title_border_color":"rgba(226,226,226,0)","page_title_font_size":"54px","page_title_line_height":"","page_title_color":"var(--awb-color8)","page_title_subheader_font_size":"18px","page_title_subheader_color":"var(--awb-color8)","page_title_alignment":"center","page_title_bg":{"url":"","id":"","height":"","width":"","thumbnail":""},"page_title_bg_retina":{"url":"","id":"","height":"","width":"","thumbnail":""},"page_title_bg_full":"0","page_title_bg_parallax":"0","page_title_fading":"0","breadcrumb_mobile":"0","breacrumb_prefix":"","breadcrumb_separator":"\/","breadcrumbs_font_size":"14px","breadcrumbs_text_color":"var(--awb-color8)","breadcrumbs_text_hover_color":"var(--awb-color4)","breadcrumb_show_categories":"1","breadcrumb_show_post_type_archive":"0","breadcrumb_show_leaf":"1","slidingbar_widgets":"0","mobile_slidingbar_widgets":"0","slidingbar_open_on_load":"0","slidingbar_position":"top","slidingbar_width":"300px","slidingbar_sticky":"1","slidingbar_widgets_columns":"2","slidingbar_column_alignment":"stacked","slidingbar_content_padding":{"top":"60px","right":"30px","bottom":"60px","left":"30px"},"slidingbar_content_align":"left","slidingbar_toggle_style":"circle","slidingbar_bg_color":"var(--awb-color7)","slidingbar_divider_color":"var(--awb-color6)","slidingbar_toggle_icon_color":"var(--awb-color1)","slidingbar_font_size":"14px","slidingbar_headings_color":"var(--awb-color1)","slidingbar_text_color":"hsla(var(--awb-color1-h),var(--awb-color1-s),var(--awb-color1-l),calc(var(--awb-color1-a) - 40%))","slidingbar_link_color":"hsla(var(--awb-color1-h),var(--awb-color1-s),var(--awb-color1-l),calc(var(--awb-color1-a) - 14%))","slidingbar_link_color_hover":"var(--awb-color1)","slidingbar_border":"0","footer_widgets":"1","footer_widgets_columns":"4","footer_widgets_center_content":"0","footer_special_effects":"none","footer_copyright":"1","footer_copyright_center_content":"0","footer_text":"Copyright 2012 - 2023 | <a href=\"https:\/\/bit.ly\/2YJkGCr\">Avada Website Builder<\/a> by <a href=\"https:\/\/avada.com\/\">Avada<\/a> | All Rights Reserved | Powered by <a href=\"https:\/\/wordpress.org\">WordPress<\/a>","footerw_bg_image":{"url":"","id":"","height":"","width":"","thumbnail":""},"footerw_bg_full":"0","footerw_bg_repeat":"no-repeat","footerw_bg_pos":"center center","footer_100_width":"0","footer_area_padding":{"top":"60px","right":"0px","bottom":"64px","left":"0px"},"footer_bg_color":"var(--awb-color7)","footer_border_size":"0","footer_border_color":"var(--awb-color3)","footer_divider_line":"0","footer_divider_line_size":"1","footer_divider_line_style":"solid","footer_divider_color":"var(--awb-color6)","footer_widgets_padding":"16px","copyright_padding":{"top":"20px","bottom":"20px"},"copyright_bg_color":"var(--awb-color8)","copyright_border_size":"0","copyright_border_color":"var(--awb-color8)","footer_headings_typography":{"font-family":"var(--awb-typography2-font-family)","font-backup":"1","font-style":"","font-weight":"var(--awb-typography2)","font-size":"var(--awb-typography2-font-size)","line-height":"var(--awb-typography2-line-height)","letter-spacing":"var(--awb-typography2-letter-spacing)","text-transform":"none","color":"var(--awb-color1)"},"footer_text_color":"hsla(var(--awb-color1-h),var(--awb-color1-s),var(--awb-color1-l),calc(var(--awb-color1-a) - 40%))","footer_link_color":"hsla(var(--awb-color1-h),var(--awb-color1-s),var(--awb-color1-l),calc(var(--awb-color1-a) - 20%))","footer_link_color_hover":"var(--awb-color4)","copyright_text_color":"hsla(var(--awb-color1-h),var(--awb-color1-s),var(--awb-color1-l),calc(var(--awb-color1-a) - 60%))","copyright_link_color":"hsla(var(--awb-color1-h),var(--awb-color1-s),var(--awb-color1-l),calc(var(--awb-color1-a) - 20%))","copyright_link_color_hover":"var(--awb-color4)","copyright_font_size":"13px","bg_image":{"url":"","id":"","height":"","width":"","thumbnail":""},"bg_full":"0","bg_repeat":"no-repeat","bg_color":"var(--awb-color3)","bg_pattern_option":"0","bg_pattern":"pattern1","content_bg_color":"var(--awb-color1)","content_bg_image":{"url":"","id":"","height":"","width":"","thumbnail":""},"content_bg_full":"0","content_bg_repeat":"no-repeat","typography_sets":{"typography1":{"label":"Headings","font-family":"Kumbh Sans","font-backup":"Arial, Helvetica, sans-serif","variant":"700","font-size":"48px","line-height":"1.3","letter-spacing":"0","text-transform":"capitalize"},"typography2":{"label":"Subheadings","font-family":"Kumbh Sans","font-backup":"Arial, Helvetica, sans-serif","variant":"500","font-size":"20px","line-height":"1.6","letter-spacing":"0","text-transform":"none"},"typography3":{"label":"Lead","font-family":"Kumbh Sans","font-backup":"Arial, Helvetica, sans-serif","variant":"600","font-size":"17px","line-height":"1.2","letter-spacing":"0.015em","text-transform":"capitalize"},"typography4":{"label":"Body","font-family":"Kumbh Sans","font-backup":"Arial, Helvetica, sans-serif","variant":"300","font-size":"17px","line-height":"1.72","letter-spacing":"0.015em","text-transform":"none"},"typography5":{"label":"Small","font-family":"Kumbh Sans","font-backup":"Arial, Helvetica, sans-serif","variant":"400","font-size":"14px","line-height":"1.72","letter-spacing":"0.015em","text-transform":"none"}},"body_typography":{"font-family":"var(--awb-typography4-font-family)","font-backup":"1","font-style":"","font-weight":"var(--awb-typography4)","font-size":"var(--awb-typography4-font-size)","line-height":"var(--awb-typography4-line-height)","letter-spacing":"var(--awb-typography4-letter-spacing)","color":"var(--awb-color8)"},"link_color":"var(--awb-color8)","link_hover_color":"var(--awb-color4)","link_decoration":"1","link_decoration_exclusion":["buttons","menus","tocs","tabstoggles"],"link_decoration_line":"underline","link_decoration_style":"dotted","link_decoration_thickness":"1px","link_decoration_underline_offset":"auto","link_decoration_line_hover":"overline","link_decoration_style_hover":"dotted","link_decoration_thickness_hover":"1px","link_decoration_underline_offset_hover":"auto","h1_typography":{"font-family":"var(--awb-typography1-font-family)","font-backup":"1","font-style":"","font-weight":"var(--awb-typography1)","font-size":"48px","line-height":"var(--awb-typography1-line-height)","letter-spacing":"var(--awb-typography1-letter-spacing)","margin-top":"0.67em","margin-bottom":"0.67em","text-transform":"capitalize","color":"var(--awb-color8)"},"h2_typography":{"font-family":"var(--awb-typography1-font-family)","font-backup":"1","font-style":"","font-weight":"var(--awb-typography1)","font-size":"36px","line-height":"1.4","letter-spacing":"var(--awb-typography1-letter-spacing)","margin-top":"0em","margin-bottom":"1.1em","text-transform":"capitalize","color":"var(--awb-color8)"},"h3_typography":{"font-family":"var(--awb-typography1-font-family)","font-backup":"1","font-style":"","font-weight":"var(--awb-typography1)","font-size":"28px","line-height":"var(--awb-typography1-line-height)","letter-spacing":"var(--awb-typography1-letter-spacing)","margin-top":"1em","margin-bottom":"1em","text-transform":"capitalize","color":"var(--awb-color8)"},"h4_typography":{"font-family":"var(--awb-typography1-font-family)","font-backup":"1","font-style":"","font-weight":"var(--awb-typography1)","font-size":"22px","line-height":"1.6","letter-spacing":"var(--awb-typography1-letter-spacing)","margin-top":"1.33em","margin-bottom":"1.33em","text-transform":"capitalize","color":"var(--awb-color8)"},"h5_typography":{"font-family":"var(--awb-typography1-font-family)","font-backup":"1","font-style":"","font-weight":"var(--awb-typography1)","font-size":"18px","line-height":"1.6","letter-spacing":"var(--awb-typography1-letter-spacing)","margin-top":"1.67em","margin-bottom":"1.67em","text-transform":"capitalize","color":"var(--awb-color8)"},"h6_typography":{"font-family":"var(--awb-typography1-font-family)","font-backup":"1","font-style":"","font-weight":"var(--awb-typography1)","font-size":"16px","line-height":"1.6","letter-spacing":"var(--awb-typography1-letter-spacing)","margin-top":"2.33em","margin-bottom":"2.33em","text-transform":"capitalize","color":"var(--awb-color8)"},"post_title_typography":{"font-family":"var(--awb-typography1-font-family)","font-backup":"1","font-style":"","font-weight":"var(--awb-typography1)","font-size":"48px","line-height":"var(--awb-typography1-line-height)","letter-spacing":"var(--awb-typography1-letter-spacing)","text-transform":"capitalize","color":"var(--awb-color8)"},"post_titles_extras_typography":{"font-family":"var(--awb-typography1-font-family)","font-backup":"1","font-style":"","font-weight":"var(--awb-typography1)","font-size":"20px","line-height":"var(--awb-typography1-line-height)","letter-spacing":"var(--awb-typography1-letter-spacing)","text-transform":"capitalize","color":"var(--awb-color8)"},"custom_fonts":{"fusionredux_repeater_data":[{"title":""}],"name":[""],"woff2":[{"url":"","id":"","height":"","width":"","thumbnail":""}],"woff":[{"url":"","id":"","height":"","width":"","thumbnail":""}],"ttf":[{"url":"","id":"","height":"","width":"","thumbnail":""}],"eot":[{"url":"","id":"","height":"","width":"","thumbnail":""}],"svg":[{"url":"","id":"","height":"","width":"","thumbnail":""}]},"adobe_fonts_id":"","blog_page_title_bar":"hide","blog_show_page_title_bar":"hide","blog_title":"Blog","blog_subtitle":"","blog_layout":"large","blog_archive_layout":"large","blog_pagination_type":"pagination","blog_load_more_posts_button_bg_color":"var(--awb-color7)","blog_load_more_posts_button_text_color":"var(--awb-color1)","blog_load_more_posts_hover_button_bg_color":"var(--awb-color5)","blog_load_more_posts_hover_button_text_color":"var(--awb-color1)","blog_archive_grid_columns":"3","blog_archive_grid_column_spacing":"40","blog_equal_heights":"0","blog_archive_grid_padding":{"top":"30px","right":"25px","bottom":"20px","left":"25px"},"blog_layout_alignment":"","content_length":"excerpt","excerpt_length_blog":"10","strip_html_excerpt":"1","featured_images":"1","dates_box_color":"var(--awb-color2)","alternate_date_format_month_year":"m, Y","alternate_date_format_day":"j","timeline_date_format":"F Y","blog_width_100":"0","featured_images_single":"1","blog_pn_nav":"1","blog_post_title":"below","blog_post_meta_position":"below_article","social_sharing_box":"1","author_info":"1","related_posts":"1","blog_comments":"1","post_meta":"1","post_meta_author":"1","post_meta_date":"1","post_meta_cats":"1","post_meta_comments":"1","post_meta_read":"1","post_meta_tags":"0","meta_font_size":"13px","date_format":"","portfolio_archive_layout":"grid","portfolio_archive_featured_image_size":"full","portfolio_archive_columns":"1","portfolio_archive_column_spacing":"20","portfolio_equal_heights":"0","portfolio_archive_one_column_text_position":"below","portfolio_archive_items":"10","portfolio_archive_text_layout":"no_text","portfolio_archive_content_length":"excerpt","portfolio_archive_excerpt_length":"10","portfolio_archive_strip_html_excerpt":"1","portfolio_archive_title_display":"all","portfolio_archive_text_alignment":"left","portfolio_archive_layout_padding":{"top":"25px","right":"25px","bottom":"25px","left":"25px"},"portfolio_archive_pagination_type":"pagination","portfolio_archive_load_more_posts_button_bg_color":"var(--awb-color7)","portfolio_archive_load_more_posts_button_text_color":"var(--awb-color1)","portfolio_archive_load_more_posts_hover_button_bg_color":"var(--awb-color5)","portfolio_archive_load_more_posts_hover_button_text_color":"var(--awb-color1)","portfolio_slug":"portfolio-items","portfolio_meta_font_size":"13px","portfolio_pn_nav":"1","portfolio_width_100":"0","portfolio_featured_image_width":"full","portfolio_featured_images":"1","show_first_featured_image":"1","portfolio_project_desc_title":"1","portfolio_project_details":"1","portfolio_link_icon_target":"0","portfolio_author":"0","portfolio_social_sharing_box":"1","portfolio_related_posts":"1","portfolio_comments":"0","social_media_icons":{"fusionredux_repeater_data":[{"title":""},{"title":""},{"title":""},{"title":""}],"icon":["facebook","twitter","instagram","pinterest"],"icon_mark":["","","",""],"url":["#","#","#","#"],"custom_title":["","","",""],"custom_source":[{"url":"","id":"","height":"","width":"","thumbnail":""},{"url":"","id":"","height":"","width":"","thumbnail":""},{"url":"","id":"","height":"","width":"","thumbnail":""},{"url":"","id":"","height":"","width":"","thumbnail":""}]},"header_social_links_font_size":"16px","header_social_links_color_type":"custom","header_social_links_icon_color":"var(--awb-color1)","header_social_links_boxed":"0","header_social_links_box_color":"var(--awb-color1)","header_social_links_boxed_radius":"4px","header_social_links_boxed_padding":"8px","icons_footer":"1","footer_social_links_font_size":"16px","footer_social_links_color_type":"custom","footer_social_links_icon_color":"hsla(var(--awb-color1-h),var(--awb-color1-s),var(--awb-color1-l),calc(var(--awb-color1-a) - 20%))","footer_social_links_boxed":"0","footer_social_links_box_color":"var(--awb-color8)","footer_social_links_boxed_radius":"4px","footer_social_links_boxed_padding":"8px","sharing_social_tagline":"Share This Story, Choose Your Platform!","sharing_box_tagline_text_color":"var(--awb-color8)","social_bg_color":"var(--awb-color2)","social_sharing_padding":{"top":"1.25em","right":"1.25em","bottom":"1.25em","left":"1.25em"},"social_sharing":["facebook","twitter","reddit","linkedin","whatsapp","telegram","tumblr","pinterest","vk","xing","email"],"sharing_social_links_font_size":"16px","sharing_social_links_color_type":"custom","sharing_social_links_icon_color":"var(--awb-color8)","sharing_social_links_boxed":"0","sharing_social_links_box_color":"var(--awb-color3)","sharing_social_links_boxed_radius":"4px","sharing_social_links_boxed_padding":"8px","posts_slideshow_number":"5","slideshow_autoplay":"1","slideshow_smooth_height":"0","slideshow_speed":"7000","pagination_video_slide":"0","slider_nav_box_dimensions":{"width":"30px","height":"30px"},"slider_arrow_size":"14px","tfes_dimensions":{"width":"100%","height":"400px"},"tfes_animation":"sides","tfes_autoplay":"1","tfes_interval":"3000","tfes_speed":"800","tfes_width":"150","es_title_font_size":"42px","es_caption_font_size":"20px","es_title_color":"var(--awb-color8)","es_caption_color":"var(--awb-color8)","status_lightbox":"1","status_lightbox_single":"1","lightbox_behavior":"all","lightbox_skin":"metro-white","lightbox_path":"vertical","lightbox_animation_speed":"normal","lightbox_arrows":"1","lightbox_gallery":"1","lightbox_autoplay":"0","lightbox_slideshow_speed":"5000","lightbox_opacity":"0.9","lightbox_title":"1","lightbox_desc":"1","lightbox_social":"1","lightbox_deeplinking":"1","lightbox_post_images":"1","lightbox_video_dimensions":{"width":"1280px","height":"720px"},"form_input_height":"50px","form_text_size":"16px","form_bg_color":"var(--awb-color1)","form_text_color":"var(--awb-color8)","form_border_width":{"top":"1px","right":"1px","bottom":"1px","left":"1px"},"form_border_color":"var(--awb-color3)","form_focus_border_color":"var(--awb-color4)","form_border_radius":"6","form_views_counting":"all","hubspot_api":"off","hubspot_key":"","mailchimp_api":"off","mailchimp_key":"","recaptcha_version":"v3","recaptcha_public":"","recaptcha_private":"","recaptcha_color_scheme":"light","recaptcha_score":"0.5","recaptcha_badge_position":"inline","recaptcha_login_form":"0","recaptcha_comment_form":"0","email_address":"","contact_comment_position":"below","contact_form_privacy_checkbox":"0","contact_form_privacy_label":"By checking this box, you confirm that you have read and are agreeing to our terms of use regarding the storage of the data submitted through this form.","gmap_api":"","gmap_api_type":"js","gmap_embed_address":"","gmap_embed_map_type":"roadmap","gmap_address":"775 New York Ave, Brooklyn, Kings, New York 11203","gmap_type":"roadmap","gmap_dimensions":{"width":"100%","height":"415px"},"gmap_topmargin":"55px","map_zoom_level":"8","map_pin":"1","gmap_pin_animation":"1","map_popup":"0","map_scrollwheel":"1","map_scale":"1","map_zoomcontrol":"1","map_styling":"default","map_overlay_color":"var(--awb-color4)","map_infobox_styling":"default","map_infobox_content":"","map_infobox_bg_color":"var(--awb-color5)","map_infobox_text_color":"var(--awb-color1)","map_custom_marker_icon":"","search_filter_results":"0","search_content":["post","page","avada_portfolio","avada_faq"],"search_limit_to_post_titles":"0","search_form_design":"clean","live_search":"0","live_search_min_char_count":"4","live_search_results_per_page":"100","live_search_results_height":"250","live_search_display_featured_image":"1","live_search_display_post_type":"1","search_layout":"grid","search_results_per_page":"10","search_pagination_type":"pagination","search_grid_columns":"3","search_grid_column_spacing":"40","search_content_length":"excerpt","search_excerpt_length":"10","search_strip_html_excerpt":"1","search_featured_images":"1","search_meta":["author","date","categories","comments","read_more"],"search_new_search_position":"top","gfonts_load_method":"cdn","privacy_embeds":"0","privacy_expiry":"30","privacy_embed_types":["youtube","vimeo","soundcloud","facebook","flickr","twitter","gmaps","tracking"],"privacy_embed_defaults":[],"privacy_bg_color":"hsla(var(--awb-color8-h),var(--awb-color8-s),var(--awb-color8-l),calc(var(--awb-color8-a) - 90%))","privacy_color":"hsla(var(--awb-color8-h),var(--awb-color8-s),var(--awb-color8-l),calc(var(--awb-color8-a) - 70%))","privacy_bar":"0","privacy_bar_padding":{"top":"15px","right":"30px","bottom":"15px","left":"30px"},"privacy_bar_bg_color":"var(--awb-color8)","privacy_bar_font_size":"13px","privacy_bar_color":"var(--awb-color6)","privacy_bar_link_color":"var(--awb-color2)","privacy_bar_link_hover_color":"var(--awb-color4)","privacy_bar_text":"This website uses cookies and third party services.","privacy_bar_button_text":"OK","privacy_bar_button_save":"0","privacy_bar_more":"0","privacy_bar_more_text":"Settings","privacy_bar_update_text":"Update Settings","privacy_bar_headings_font_size":"13px","privacy_bar_headings_color":"var(--awb-color1)","privacy_bar_content":{"fusionredux_repeater_data":[{"title":""}],"type":[""],"title":[""],"description":[""]},"privacy_bar_reject":"0","privacy_bar_reject_text":"Reject","post_views":"page_load","post_views_counting":"all","featured_image_placeholder":"1","excerpt_base":"words","disable_excerpts":"1","excerpt_read_more_symbol":" [...]","link_read_more":"0","avatar_shape":"circle","comments_pages":"0","featured_images_pages":"1","nofollow_social_links":"0","social_icons_new":"1","custom_scrollbar":"1","scrollbar_background":"var(--awb-color2)","scrollbar_handle":"hsla(var(--awb-color4-h),var(--awb-color4-s),calc(var(--awb-color4-l) - 10%),var(--awb-color4-a))","faq_slug":"faq-items","cloning_posts":"1","related_posts_layout":"title_on_rollover","number_related_posts":"4","related_posts_columns":"4","related_posts_column_spacing":"48","related_posts_image_size":"cropped","related_posts_autoplay":"0","related_posts_speed":"2500","related_posts_navigation":"1","related_posts_swipe":"0","related_posts_swipe_items":"0","image_rollover":"1","image_rollover_direction":"left","image_rollover_icon_size":"15px","image_rollover_icons":"linkzoom","title_image_rollover":"1","cats_image_rollover":"1","icon_circle_image_rollover":"1","image_gradient_top_color":"hsla(var(--awb-color4-h),var(--awb-color4-s),var(--awb-color4-l),calc(var(--awb-color4-a) - 20%))","image_gradient_bottom_color":"var(--awb-color4)","image_rollover_text_color":"var(--awb-color8)","image_rollover_icon_color":"var(--awb-color1)","pagination_sizing":"width_height","pagination_width_height":"30","pagination_box_padding":{"width":"6px","height":"2px"},"pagination_border_width":"1","pagination_border_radius":"0","pagination_text_display":"1","pagination_font_size":"13px","pagination_range":"1","pagination_start_end_range":"0","timeline_bg_color":"rgba(255,255,255,0)","timeline_color":"var(--awb-color2)","grid_separator_style_type":"double|solid","grid_separator_color":"var(--awb-color3)","masonry_grid_ratio":"1.5","masonry_width_double":"2000","status_totop":"desktop","totop_position":"right_floating","totop_border_radius":"6","totop_background":"hsla(var(--awb-color5-h),var(--awb-color5-s),calc(var(--awb-color5-l) - 10%),var(--awb-color5-a))","totop_background_hover":"var(--awb-color4)","totop_icon_color":"var(--awb-color1)","totop_icon_hover":"var(--awb-color1)","totop_scroll_down_only":"1","enable_language_updates":"1","dependencies_status":"1","disable_code_block_encoding":"1","disable_megamenu":"0","status_widget_areas":"0","status_avada_studio":"1","avada_rev_styles":"1","avada_styles_dropdowns":"1","disable_mobile_image_hovers":"1","status_yt":"1","status_vimeo":"1","status_gmap":"1","status_fontawesome":["fab","far","fas"],"fontawesome_v4_compatibility":"0","status_fontawesome_pro":"0","status_outline":"0","status_opengraph":"1","disable_date_rich_snippet_pages":"1","disable_rich_snippet_title":"1","disable_rich_snippet_author":"1","disable_rich_snippet_date":"1","disable_rich_snippet_faq":"1","enable_block_editor_backend_styles":"1","load_block_styles":"on","google_analytics":"","space_head":"","space_body":"","status_fusion_slider":"0","status_eslider":"0","status_fusion_forms":"1","status_awb_Off_Canvas":"1","status_fusion_portfolio":"0","status_fusion_faqs":"0","maintenance_mode":"","maintenance_redirect_url":"","maintenance_template":"0","maintenance_user_roles":[],"maintenance_exclude":"","maintenance_page_title":"","maintenance_robots_meta":"noindex","svg_upload":"disabled","pw_jpeg_quality":"82","wp_big_image_size_threshold":"2560","lazy_load":"none","lazy_load_iframes":"none","font_face_display":"block","preload_fonts":"icon_fonts","preload_fonts_variants":["400"],"preload_fonts_subsets":["latin"],"emojis_disabled":"enabled","jquery_migrate_disabled":"enabled","defer_jquery":"0","defer_styles":"0","gzip_status":"0","video_facade":"off","clear_object_cache":"0","css_cache_method":"file","css_combine_third_party_assets":"0","media_queries_async":"0","critical_css":"0","cache_server_ip":"","js_compiler":"1","custom_css":"","info_bg_color":"var(--awb-color1)","info_accent_color":"var(--awb-color8)","danger_bg_color":"rgba(219,75,104,0.1)","danger_accent_color":"#db4b68","success_bg_color":"rgba(18,184,120,0.1)","success_accent_color":"#12b878","warning_bg_color":"rgba(241,174,42,0.1)","warning_accent_color":"#f1ae2a","alert_box_text_align":"center","alert_box_text_transform":"normal","alert_box_link_color_inheritance":"no","alert_box_dismissable":"boxed","alert_box_shadow":"no","alert_border_size":"1","alert_border_radius":{"top_left":"0px","top_right":"0px","bottom_right":"0px","bottom_left":"0px"},"animation_offset":"top-into-view","status_css_animations":"desktop","audio_max_width":"100%","audio_background_color":"var(--awb-color8)","audio_progressbar_color":"var(--awb-color1)","audio_controls_color_scheme":"light","audio_border_size":"0","audio_border_color":"var(--awb-color1)","audio_border_radius":{"top_left":"0px","top_right":"0px","bottom_right":"0px","bottom_left":"0px"},"blog_grid_columns":"3","blog_grid_column_spacing":"40","blog_grid_padding":{"top":"30px","right":"25px","bottom":"25px","left":"25px"},"blog_excerpt":"yes","blog_excerpt_length":"10","blog_element_load_more_posts_button_bg_color":"var(--awb-color7)","blog_element_load_more_posts_button_text_color":"var(--awb-color1)","blog_element_load_more_posts_hover_button_bg_color":"var(--awb-color5)","blog_element_load_more_posts_hover_button_text_color":"var(--awb-color1)","button_padding":{"top":"20px","right":"34px","bottom":"22px","left":"34px"},"button_span":"no","button_type":"Flat","button_typography":{"font-family":"var(--awb-typography3-font-family)","font-backup":"1","font-style":"","font-weight":"var(--awb-typography3)","font-size":"var(--awb-typography3-font-size)","line-height":"var(--awb-typography3-line-height)","letter-spacing":"var(--awb-typography3-letter-spacing)","text-transform":"var(--awb-typography3-text-transform)"},"button_gradient_top_color":"var(--awb-color4)","button_gradient_bottom_color":"var(--awb-color4)","button_gradient_top_color_hover":"hsla(var(--awb-color5-h),calc(var(--awb-color5-s) - 5%),calc(var(--awb-color5-l) - 10%),var(--awb-color5-a))","button_gradient_bottom_color_hover":"hsla(var(--awb-color5-h),calc(var(--awb-color5-s) - 5%),calc(var(--awb-color5-l) - 10%),var(--awb-color5-a))","button_gradient_start":"0","button_gradient_end":"100","button_gradient_type":"linear","button_gradient_angle":"180","button_radial_direction":"center center","button_accent_color":"var(--awb-color1)","button_accent_hover_color":"var(--awb-color1)","button_bevel_color":"hsla(var(--awb-color5-h),calc(var(--awb-color5-s) - 5%),calc(var(--awb-color5-l) - 10%),var(--awb-color5-a))","button_bevel_color_hover":"hsla(var(--awb-color5-h),calc(var(--awb-color5-s) - 5%),calc(var(--awb-color5-l) - 10%),var(--awb-color5-a))","button_border_width":{"top":"0","right":"0","bottom":"0","left":"0"},"button_border_radius":{"top_left":"5px","top_right":"5px","bottom_right":"5px","bottom_left":"5px"},"button_border_color":"","button_border_hover_color":"","button_presets":"0","carousel_nav_color":"hsla(var(--awb-color8-h),var(--awb-color8-s),var(--awb-color8-l),calc(var(--awb-color8-a) - 30%))","carousel_hover_color":"hsla(var(--awb-color5-h),var(--awb-color5-s),var(--awb-color5-l),calc(var(--awb-color5-a) - 20%))","carousel_speed":"2500","chart_legend_position":"top","chart_show_tooltips":"yes","chart_bg_color":"rgba(255,255,255,0)","chart_axis_text_color":"var(--awb-color8)","chart_gridline_color":"hsla(var(--awb-color8-h),var(--awb-color8-s),var(--awb-color8-l),calc(var(--awb-color8-a) - 90%))","checklist_icons_color":"var(--awb-color1)","checklist_circle":"1","checklist_circle_color":"var(--awb-color4)","checklist_text_color":"var(--awb-color8)","checklist_item_size":"16px","checklist_item_padding":{"top":"0.35em","right":"0","bottom":"0.35em","left":"0"},"checklist_divider":"no","checklist_divider_color":"var(--awb-color3)","checklist_odd_row_bgcolor":"rgba(255,255,255,0)","checklist_even_row_bgcolor":"rgba(255,255,255,0)","col_margin":{"top":"0px","bottom":"0px"},"col_spacing":"4%","col_width_medium":"inherit_from_large","col_width_small":"1_1","container_padding_default":{"top":"0px","right":"0px","bottom":"0px","left":"0px"},"container_padding_100":{"top":"0px","right":"30px","bottom":"0px","left":"30px"},"full_width_bg_color":"rgba(255,255,255,0)","full_width_gradient_start_color":"rgba(255,255,255,0)","full_width_gradient_end_color":"rgba(255,255,255,0)","full_width_border_sizes":{"top":"0px","right":"0px","bottom":"0px","left":"0px"},"full_width_border_color":"var(--awb-color3)","container_scroll_nav_bg_color":"hsla(var(--awb-color8-h),var(--awb-color8-s),var(--awb-color8-l),calc(var(--awb-color8-a) - 80%))","container_scroll_nav_bullet_color":"var(--awb-color3)","container_hundred_percent_animation":"fade","container_hundred_percent_scroll_sensitivity":"450","container_hundred_percent_animation_speed":"800","container_hundred_percent_dots_navigation":"1","container_hundred_percent_height_mobile":"0","container_legacy_support":"0","content_box_bg_color":"rgba(255,255,255,0)","content_box_title_size":"24","content_box_title_color":"var(--awb-color8)","content_box_body_color":"var(--awb-color8)","content_box_icon_size":"20","content_box_icon_color":"var(--awb-color1)","content_box_icon_circle":"yes","content_box_icon_circle_radius":"50%","content_box_icon_bg_color":"var(--awb-color7)","content_box_icon_bg_inner_border_color":"var(--awb-color8)","content_box_icon_bg_inner_border_size":"1","content_box_icon_bg_outer_border_color":"rgba(255,255,255,0)","content_box_icon_bg_outer_border_size":"1","content_box_icon_hover_type":"fade","content_box_hover_animation_accent_color":"var(--awb-color4)","content_box_link_type":"text","content_box_button_span":"no","content_box_link_area":"link-icon","content_box_link_target":"_self","content_box_margin":{"top":"","bottom":""},"countdown_timezone":"site_time","countdown_layout":"floated","countdown_show_weeks":"no","countdown_label_position":"text_flow","countdown_background_color":"var(--awb-color5)","countdown_background_image":{"url":"","id":"","height":"","width":"","thumbnail":""},"countdown_background_repeat":"no-repeat","countdown_background_position":"center center","countdown_counter_box_spacing":"10px","countdown_counter_box_color":"var(--awb-color7)","countdown_counter_padding":{"top":"0.6em","right":"1.1em","bottom":"0.6em","left":"1.1em"},"countdown_counter_border_size":"0","countdown_counter_border_color":"var(--awb-color7)","countdown_counter_border_radius":"4px","countdown_counter_font_size":"18px","countdown_counter_text_color":"var(--awb-color1)","countdown_label_font_size":"18px","countdown_label_color":"var(--awb-color1)","countdown_heading_font_size":"18px","countdown_heading_text_color":"var(--awb-color1)","countdown_subheading_font_size":"14px","countdown_subheading_text_color":"var(--awb-color1)","countdown_link_text_color":"var(--awb-color1)","countdown_link_target":"_self","counter_box_speed":"1000","counter_box_color":"var(--awb-color5)","counter_box_title_size":"50","counter_box_icon_size":"50","counter_box_body_color":"var(--awb-color8)","counter_box_body_size":"14","counter_box_border_color":"var(--awb-color3)","counter_box_icon_top":"no","counter_filled_color":"var(--awb-color5)","counter_unfilled_color":"var(--awb-color2)","dropcap_color":"var(--awb-color5)","dropcap_text_color":"var(--awb-color1)","flip_boxes_flip_effect":"classic","flip_boxes_flip_direction":"right","flip_boxes_flip_duration":"0.8","flip_boxes_equal_heights":"no","flip_boxes_front_bg":"var(--awb-color7)","flip_boxes_front_heading":"var(--awb-color2)","flip_boxes_front_text":"var(--awb-color3)","flip_boxes_back_bg":"var(--awb-color5)","flip_boxes_back_heading":"var(--awb-color1)","flip_boxes_back_text":"hsla(var(--awb-color1-h),var(--awb-color1-s),var(--awb-color1-l),calc(var(--awb-color1-a) - 20%))","flip_boxes_border_size":"1","flip_boxes_border_color":"rgba(0,0,0,0)","flip_boxes_border_radius":"6px","gallery_limit":"-1","gallery_pagination_type":"button","gallery_load_more_button_text":"Load More","gallery_picture_size":"auto","gallery_layout":"grid","gallery_columns":"3","gallery_column_spacing":"10","gallery_hover_type":"none","gallery_lightbox_content":"none","gallery_border_size":"0","gallery_border_color":"var(--awb-color3)","gallery_border_radius":"0px","google_map_api_type":"js","icon_size":"32","icon_color":"var(--awb-color1)","icon_color_hover":"var(--awb-color1)","icon_circle":"yes","icon_circle_color":"var(--awb-color5)","icon_circle_color_hover":"var(--awb-color4)","icon_border_size":"1","icon_border_color":"var(--awb-color8)","icon_border_color_hover":"var(--awb-color4)","icon_border_radius":{"top_left":"50%","top_right":"50%","bottom_right":"50%","bottom_left":"50%"},"icon_hover_type":"fade","before_after_type":"before_after","before_after_font_size":"14","before_after_accent_color":"var(--awb-color1)","before_after_label_placement":"image-centered","before_after_label_hover_type":"together","before_after_handle_type":"default","before_after_handle_color":"var(--awb-color1)","before_after_handle_bg":"rgba(255,255,255,0)","before_after_offset":"50","before_after_orientation":"horizontal","before_after_handle_movement":"drag_click","before_after_transition_time":"0.5","before_after_border_size":"0","before_after_border_color":"var(--awb-color3)","before_after_border_radius":"0px","imageframe_style_type":"none","imageframe_blur":"3","imgframe_style_color":"var(--awb-color7)","imageframe_border_size":"0","imgframe_border_color":"var(--awb-color3)","imageframe_border_radius":"0px","instagram_cache_timeout":"hour","modal_bg_color":"var(--awb-color1)","modal_border_color":"var(--awb-color3)","openstreetmap_map_style":"osm-carto","openstreetmap_mapbox_access_token":"","person_margin":{"top":"0px","right":"0px","bottom":"0px","left":"0px"},"person_background_color":"var(--awb-color8)","person_pic_style":"none","person_pic_style_blur":"3","person_style_color":"var(--awb-color8)","person_border_color":"var(--awb-color3)","person_border_size":"0","person_border_radius":"0px","person_alignment":"Left","person_icon_position":"Top","popover_heading_bg_color":"var(--awb-color2)","popover_content_bg_color":"var(--awb-color1)","popover_border_color":"var(--awb-color3)","popover_text_color":"var(--awb-color8)","popover_placement":"Top","full_boxed_pricing_box_heading_color":"var(--awb-color8)","sep_pricing_box_heading_color":"var(--awb-color8)","pricing_box_color":"var(--awb-color4)","pricing_bg_color":"var(--awb-color1)","pricing_background_color_hover":"var(--awb-color2)","pricing_border_color":"var(--awb-color2)","pricing_divider_color":"var(--awb-color3)","progressbar_text_position":"on_bar","progressbar_text_color":"var(--awb-color1)","progressbar_height":"48px","progressbar_filled_color":"var(--awb-color5)","progressbar_unfilled_color":"var(--awb-color2)","progressbar_filled_border_size":"0","progressbar_filled_border_color":"var(--awb-color1)","scroll_progress_position":"flow","scroll_progress_height":"10px","scroll_progress_background_color":"var(--awb-color2)","scroll_progress_progress_color":"var(--awb-color4)","scroll_progress_border_size":"0","scroll_progress_border_color":"var(--awb-color1)","scroll_progress_border_radius":{"top_left":"0px","top_right":"0px","bottom_right":"0px","bottom_left":"0px"},"section_sep_border_size":"1","section_sep_bg":"var(--awb-color2)","section_sep_border_color":"var(--awb-color3)","separator_style_type":"double","sep_color":"var(--awb-color3)","separator_border_size":"1","separator_icon_size":"16","separator_icon_color":"var(--awb-color3)","separator_circle":"1","separator_circle_bg_color":"rgba(255,255,255,0)","social_links_margin":{"top":"0px","right":"0px","bottom":"0px","left":"0px"},"social_links_tooltip_placement":"Top","social_links_font_size":"16px","social_links_color_type":"custom","social_links_icon_color":"var(--awb-color6)","social_links_icon_color_hover":"var(--awb-color4)","social_links_boxed":"0","social_links_boxed_padding":"8px","social_links_box_color":"var(--awb-color2)","social_links_box_color_hover":"var(--awb-color1)","social_links_border":{"top":"0px","right":"0px","bottom":"0px","left":"0px"},"social_links_boxed_radius":"4px","social_links_border_color":"var(--awb-color3)","social_links_border_color_hover":"var(--awb-color4)","stripe_button_api_mode":"test","stripe_button_test_secret_key":"","stripe_button_live_secret_key":"","syntax_highlighter_theme":"default","syntax_highlighter_line_numbers":"yes","syntax_highlighter_line_number_background_color":"var(--awb-color2)","syntax_highlighter_line_number_text_color":"var(--awb-color8)","syntax_highlighter_line_wrapping":"scroll","syntax_highlighter_copy_to_clipboard":"yes","syntax_highlighter_copy_to_clipboard_text":"Copy to Clipboard","syntax_highlighter_font_size":"14","syntax_highlighter_background_color":"var(--awb-color1)","syntax_highlighter_border_size":"1","syntax_highlighter_border_color":"var(--awb-color3)","syntax_highlighter_border_style":"solid","syntax_highlighter_margin":{"top":"0px","right":"0px","bottom":"0px","left":"0px"},"tabs_bg_color":"var(--awb-color1)","tabs_inactive_color":"var(--awb-color2)","tabs_title_border_radius":{"top_left":"0px","top_right":"0px","bottom_right":"0px","bottom_left":"0px"},"tabs_border_color":"var(--awb-color3)","tabs_title_padding":{"top":"","right":"","bottom":"","left":""},"tabs_content_padding":{"top":"","right":"","bottom":"","left":""},"tabs_icon_position":"left","tabs_icon_size":"16","tabs_icon_color":"","tabs_icon_active_color":"","tabs_title_color":"","tabs_active_title_color":"","tabs_mobile_breakpoint":"medium","tabs_mobile_mode":"accordion","tabs_mobile_sticky_tabs":"no","tagcloud_bg":"rgba(255, 255, 255, 0)","tagcloud_bg_hover":"var(--awb-color4)","tagcloud_color":"hsla(var(--awb-color1-h),var(--awb-color1-s),var(--awb-color1-l),calc(var(--awb-color1-a) - 20%))","tagcloud_color_hover":"var(--awb-color1)","tagcloud_border_color":"var(--awb-color8)","tagcloud_border_color_hover":"var(--awb-color4)","tagline_bg":"var(--awb-color2)","tagline_border_color":"rgba(226,226,226,0)","tagline_margin":{"top":"0px","bottom":"20px"},"testimonial_bg_color":"var(--awb-color2)","testimonial_text_color":"var(--awb-color8)","testimonials_speed":"4000","testimonials_random":"0","text_columns":"1","text_column_min_width":"100px","text_column_spacing":"2em","text_rule_style":"none","text_rule_size":"1","text_rule_color":"var(--awb-color3)","title_text_transform":"","title_style_type":"none","title_border_color":"var(--awb-color3)","title_margin":{"top":"10px","right":"0px","bottom":"15px","left":"0px"},"title_margin_mobile":{"top":"10px","right":"0px","bottom":"10px","left":"0px"},"accordion_type":"accordions","accordion_boxed_mode":"0","accordion_border_size":"1","accordian_border_color":"var(--awb-color3)","accordian_background_color":"var(--awb-color1)","accordian_hover_color":"var(--awb-color2)","accordion_divider_line":"1","accordion_divider_color":"var(--awb-color3)","accordion_divider_hover_color":"var(--awb-color3)","accordion_title_typography":{"font-family":"var(--awb-typography1-font-family)","font-backup":"1","font-style":"","font-weight":"var(--awb-typography1)","font-size":"17px","line-height":"","letter-spacing":"","text-transform":"","color":"var(--awb-color8)"},"accordion_icon_size":"18","accordian_icon_color":"var(--awb-color1)","accordion_icon_boxed":"1","accordian_inactive_color":"var(--awb-color8)","accordion_content_typography":{"font-family":"var(--awb-typography4-font-family)","font-backup":"1","font-style":"","font-weight":"var(--awb-typography4)","font-size":"var(--awb-typography4-font-size)","line-height":"","letter-spacing":"","text-transform":"","color":"var(--awb-color8)"},"accordian_active_color":"var(--awb-color5)","accordian_active_accent_color":"","accordion_icon_align":"left","user_login_text_align":"center","user_login_form_field_layout":"stacked","user_login_form_show_labels":"no","user_login_form_show_placeholders":"yes","user_login_form_show_remember_me":"no","user_login_form_background_color":"var(--awb-color2)","video_max_width":"100%","video_controls":"yes","video_preload":"auto","plugins_used_direction":"row","plugins_used_content_alignment":"left","plugins_used_outer_gap":"15","plugins_used_outer_padding":{"top":"1em","right":"1em","bottom":"1em","left":"1em"},"plugins_used_outer_background_color":"#F2F7F8","plugins_used_outer_border_size":"0","plugins_used_outer_border_color":"#F2F7F8","plugins_used_outer_border_radius":"7","plugins_used_font_size":"1.2em","plugins_used_text_color":"#333333","prebuilt_site_tags_gap":"10","prebuilt_site_tags_content_alignment":"left","prebuilt_site_tags_padding":{"top":"0.5em","right":"0.5em","bottom":"0.5em","left":"0.5em"},"prebuilt_site_tags_background_color":"#F2F7F8","prebuilt_site_tags_border_size":"0","prebuilt_site_tags_border_color":"#F2F7F8","prebuilt_site_tags_border_radius":"7","prebuilt_site_tags_font_size":"1em","prebuilt_site_tags_text_color":"#333333","swatches_direction":"row","swatches_justify_content":"center","swatches_align_items":"flex-start","swatches_outer_gap":"15","swatches_outer_padding":{"top":"50px","right":"60px","bottom":"50px","left":"60px"},"swatches_outer_background_color":"#F2F7F8","swatches_outer_border_size":"0","swatches_outer_border_radius":"7","swatches_swatch_size":"100","swatches_swatch_border_size":"10","swatches_swatch_border_color":"#ffffff","swatches_swatch_border_radius":"50","swatches_font_size":"15px","swatches_text_color":"#333333"}