{"last_tab":"","layout":"Wide","site_width":"1170px","main_padding":{"top":"90px","bottom":"45px"},"hundredp_padding":"40px","col_margin":{"top":"0px","bottom":"20px"},"sidebar_width":"25%","sidebar_2_1_width":"21%","sidebar_2_2_width":"21%","nav_height":"95","nav_highlight_border":"1","nav_padding":"45","megamenu_shadow":"1","dropdown_menu_width":"180","mainmenu_dropdown_vertical_padding":"12","mainmenu_dropdown_display_divider":"1","menu_display_dropdown_indicator":"1","main_nav_search_icon":"0","main_nav_icon_circle":"0","menu_sub_bg_color":"#24272d","menu_bg_hover_color":"#292d33","menu_sub_sep_color":"#292d33","menu_h45_bg_color":"#FFFFFF","nav_typography":{"font-family":"Montserrat","font-options":"","google":"1","font-backup":"Arial, Helvetica, sans-serif","font-weight":"400","font-style":"","subsets":"latin","letter-spacing":"0px"},"nav_font_size":"14px","nav_dropdown_font_size":"13px","side_nav_font_size":"14px","menu_text_align":"left","menu_first_color":"#ffffff","menu_hover_first_color":"#ffffff","menu_sub_color":"#ffffff","flyout_menu_icon_font_size":"20px","flyout_menu_icon_color":"#333333","flyout_menu_icon_hover_color":"#a0ce4e","flyout_menu_background_color":"rgba(255,255,255,0.95)","flyout_menu_direction":"fade","topmenu_dropwdown_width":"180","header_top_first_border_color":"#e5e5e5","header_top_sub_bg_color":"#ffffff","header_top_menu_bg_hover_color":"#fafafa","header_top_menu_sub_sep_color":"#e5e5e5","snav_font_size":"14px","sec_menu_lh":"44px","snav_color":"#747474","header_top_menu_sub_color":"#747474","header_top_menu_sub_hover_color":"#333333","mobile_menu_design":"modern","mobile_nav_padding":"25","mobile_menu_icons_top_margin":"3","mobile_menu_nav_height":"48","mobile_nav_submenu_slideout":"1","mobile_header_bg_color":"#24272d","mobile_menu_background_color":"#24272d","mobile_menu_hover_color":"#292d33","mobile_menu_border_color":"#292d33","mobile_menu_toggle_color":"#ffffff","mobile_menu_font_size":"12px","mobile_menu_text_align":"left","mobile_menu_font_color":"#ffffff","megamenu_max_width":"1100","megamenu_title_size":"18px","megamenu_item_vertical_padding":"5","megamenu_item_display_divider":"0","responsive":"1","grid_main_break_point":"1099","side_header_break_point":"920","content_break_point":"800","mobile_zoom":"1","typography_responsive":"1","typography_sensitivity":"0.6","typography_factor":"1.5","primary_color":"#2ba0a3","header_position":"Top","header_layout":"v1","slider_position":"Below","header_left_content":"Contact Info","header_right_content":"Navigation","header_v4_content":"Tagline And Search","header_number":"Call Us Today! 1.555.555.555","header_email":"info@yourdomain.com","header_tagline":"Insert Tagline Here","header_banner_code":"","header_bg_image":{"url":"","id":"","height":"","width":"","thumbnail":""},"header_bg_full":"0","header_bg_parallax":"1","header_bg_repeat":"repeat","side_header_width":"280","header_padding":{"top":"0px","right":"0px","bottom":"0px","left":"0px"},"header_shadow":"0","header_100_width":"0","header_bg_color":"#24272d","header_border_color":"#ffffff","header_top_bg_color":"#2ba0a3","tagline_font_size":"16px","tagline_font_color":"#ffffff","header_sticky":"1","header_sticky_tablet":"0","header_sticky_mobile":"0","header_sticky_shrinkage":"0","header_sticky_type2_layout":"menu_only","header_sticky_bg_color":"#24272d","header_sticky_nav_padding":"45","header_sticky_nav_font_size":"14px","logo_alignment":"Left","logo_margin":{"top":"31px","right":"0px","bottom":"31px","left":"0px"},"logo":{"url":"https:\/\/avada.theme-fusion.com\/architecture\/wp-content\/uploads\/sites\/21\/2015\/02\/logo-avada-architect.png","id":"","height":"34","width":"240","thumbnail":""},"logo_retina":{"url":"https:\/\/avada.theme-fusion.com\/architecture\/wp-content\/uploads\/sites\/21\/2015\/02\/logo-avada-architect-retina.png","id":"","height":"68","width":"480","thumbnail":""},"sticky_header_logo":{"url":"","id":"","height":"","width":"","thumbnail":""},"sticky_header_logo_retina":{"url":"","id":"","height":"","width":"","thumbnail":""},"mobile_logo":{"url":"","id":"","height":"","width":"","thumbnail":""},"mobile_logo_retina":{"url":"","id":"","height":"","width":"","thumbnail":""},"favicon":{"url":"","id":"","height":"","width":"","thumbnail":""},"iphone_icon":{"url":"","id":"","height":"","width":"","thumbnail":""},"iphone_icon_retina":{"url":"","id":"","height":"","width":"","thumbnail":""},"ipad_icon":{"url":"","id":"","height":"","width":"","thumbnail":""},"ipad_icon_retina":{"url":"","id":"","height":"","width":"","thumbnail":""},"page_title_bar":"hide","page_title_bar_text":"1","page_title_100_width":"0","page_title_height":"87px","page_title_mobile_height":"70px","page_title_bg_color":"#2ba0a3","page_title_border_color":"#2ba0a3","page_title_font_size":"18px","page_title_color":"#ffffff","page_title_subheader_font_size":"14px","page_title_alignment":"left","page_title_bg":{"url":"","id":"","height":"","width":"","thumbnail":""},"page_title_bg_retina":{"url":"","id":"","height":"","width":"","thumbnail":""},"page_title_bg_full":"0","page_title_bg_parallax":"0","page_title_fading":"0","page_title_bar_bs":"Breadcrumbs","breadcrumb_mobile":"0","breacrumb_prefix":"","breadcrumb_separator":"\/","breadcrumbs_font_size":"10px","breadcrumbs_text_color":"#ffffff","breadcrumb_show_categories":"1","breadcrumb_show_post_type_archive":"0","slidingbar_widgets":"0","mobile_slidingbar_widgets":"1","slidingbar_open_on_load":"0","slidingbar_widgets_columns":"2","slidingbar_bg_color":"rgba(36,39,45,0.95)","slidingbar_divider_color":"#282A2B","slidingbar_toggle_icon_color":"#ffffff","slidingbar_font_size":"18px","slidingbar_headings_color":"#DDDDDD","slidingbar_text_color":"#8C8989","slidingbar_link_color":"#BFBFBF","slidingbar_top_border":"0","footer_widgets":"1","footer_widgets_columns":"2","footer_widgets_center_content":"0","footer_special_effects":"none","footer_sticky_height":"0","footer_copyright":"1","footer_copyright_center_content":"0","footer_text":"<span style=\"line-height:30px !important;\">\u00a9 Copyright 2012 - <script>document.write(new Date().getFullYear());<\/script> |\u00a0\u00a0\u00a0Avada Theme by <a href='http:\/\/theme-fusion.com' target='_blank'>Theme Fusion<\/a>\u00a0\u00a0\u00a0|\u00a0\u00a0\u00a0All Rights Reserved\u00a0\u00a0\u00a0|\u00a0\u00a0\u00a0Powered by <a href='http:\/\/wordpress.org' target='_blank'>WordPress<\/a><\/span>\r\n\r\n<span style=\"float:right;color:#fff\"><i class=\"fa fa-phone\"><\/i>\u00a0\u00a01.800.555.6789\u00a0\u00a0\u00a0\u00a0\u00a0\u00a0\u00a0\u00a0\u00a0<a href=\"mailto:support@theme-fusion.com\" style=\"color:#fff;text-transform:uppercase;\"><i class=\"fa fa-envelope-o\"><\/i>\u00a0\u00a0Email Us<\/a><\/span>","footerw_bg_image":{"url":"","id":"","height":"","width":"","thumbnail":""},"footerw_bg_full":"0","footerw_bg_repeat":"repeat","footerw_bg_pos":"center center","footer_100_width":"0","footer_area_padding":{"top":"43px","right":"0px","bottom":"40px","left":"0px"},"footer_bg_color":"#24272d","footer_border_size":"12","footer_border_color":"#24272d","footer_divider_color":"#505152","copyright_padding":{"top":"18px","bottom":"18px"},"copyright_bg_color":"#2b2e35","copyright_border_size":"1","copyright_border_color":"#2b2e35","footer_headings_typography":{"font-family":"Montserrat","font-options":"","google":"1","font-backup":"Arial, Helvetica, sans-serif","font-weight":"400","font-style":"","subsets":"latin","font-size":"18px","line-height":"1.5","letter-spacing":"0","color":"#ffffff"},"footer_text_color":"#5a5d62","footer_link_color":"#868a92","copyright_font_size":"12px","sidebar_padding":"3%","sidebar_bg_color":"#f8f8f8","sidebar_widget_bg_color":"rgba(255,255,255,0)","sidew_font_size":"18px","sidebar_heading_color":"#333333","pages_global_sidebar":"0","pages_sidebar":"None","pages_sidebar_2":"None","default_sidebar_pos":"Right","portfolio_global_sidebar":"0","portfolio_sidebar":"None","portfolio_sidebar_2":"None","portfolio_sidebar_position":"Right","portfolio_archive_sidebar":"None","portfolio_archive_sidebar_2":"None","posts_global_sidebar":"1","posts_sidebar":"Blog Sidebar","posts_sidebar_2":"None","blog_sidebar_position":"Right","blog_archive_sidebar":"Blog Sidebar","blog_archive_sidebar_2":"None","search_sidebar":"Blog Sidebar","search_sidebar_2":"None","search_sidebar_position":"Right","content_bg_color":"#ffffff","content_bg_image":{"url":"","id":"","height":"","width":"","thumbnail":""},"content_bg_full":"0","content_bg_repeat":"repeat","bg_image":{"url":"","id":"","height":"","width":"","thumbnail":""},"bg_full":"0","bg_repeat":"repeat","bg_color":"#d7d6d6","bg_pattern_option":"0","bg_pattern":"pattern1","body_typography":{"font-family":"Open Sans","font-options":"","google":"true","font-backup":"Arial, Helvetica, sans-serif","font-weight":"400","font-style":"","subsets":"latin","font-size":"15px","line-height":"2.27","letter-spacing":"0","color":"#5a5d62"},"link_color":"#2ba0a3","h1_typography":{"font-family":"Raleway","font-options":"","google":"1","font-backup":"Arial, Helvetica, sans-serif","font-weight":"500","font-style":"","subsets":"","font-size":"60px","line-height":"1.33","letter-spacing":"0px","margin-top":"0.67em","margin-bottom":"0.67em","color":"#ffffff"},"h2_typography":{"font-family":"Raleway","font-options":"","google":"1","font-backup":"Arial, Helvetica, sans-serif","font-weight":"500","font-style":"","subsets":"","font-size":"48px","line-height":"1.25","letter-spacing":"0px","margin-top":"0em","margin-bottom":"1.0em","color":"#242930"},"h3_typography":{"font-family":"Raleway","font-options":"","google":"1","font-backup":"Arial, Helvetica, sans-serif","font-weight":"500","font-style":"","subsets":"","font-size":"22px","line-height":"1.91","letter-spacing":"0px","margin-top":"1em","margin-bottom":"0em","color":"#5a5d62"},"h4_typography":{"font-family":"Raleway","font-options":"","google":"1","font-backup":"Arial, Helvetica, sans-serif","font-weight":"500","font-style":"","subsets":"","font-size":"18px","line-height":"2.11","letter-spacing":"0px","margin-top":"1.33em","margin-bottom":"1.33em","color":"#242930"},"h5_typography":{"font-family":"Raleway","font-options":"","google":"1","font-backup":"Arial, Helvetica, sans-serif","font-weight":"500","font-style":"","subsets":"","font-size":"14px","line-height":"1.29","letter-spacing":"0px","margin-top":"1.67em","margin-bottom":"1.67em","color":"#242930"},"h6_typography":{"font-family":"Raleway","font-options":"","google":"1","font-backup":"Arial, Helvetica, sans-serif","font-weight":"500","font-style":"","subsets":"","font-size":"11px","line-height":"1.55","letter-spacing":"0px","margin-top":"2.33em","margin-bottom":"2.33em","color":"#242930"},"post_titles_font_size":"22px","post_titles_font_lh":"32px","post_titles_extras_font_size":"22px","custom_fonts":{"avadaredux_repeater_data":[{"title":""}],"name":[""],"woff":[{"url":"","id":"","height":"","width":"","thumbnail":""}],"woff2":[{"url":"","id":"","height":"","width":"","thumbnail":""}],"ttf":[{"url":"","id":"","height":"","width":"","thumbnail":""}],"svg":[{"url":"","id":"","height":"","width":"","thumbnail":""}],"eot":[{"url":"","id":"","height":"","width":"","thumbnail":""}]},"animation_offset":"top-into-view","dates_box_color":"#4194ce","button_size":"Large","button_span":"no","button_shape":"Square","button_type":"Flat","button_typography":{"font-family":"PT Sans","font-options":"","google":"1","font-backup":"Arial, Helvetica, sans-serif","font-weight":"400","font-style":"","subsets":"","letter-spacing":"0px"},"button_gradient_top_color":"rgba(255,255,255,0)","button_gradient_bottom_color":"rgba(255,255,255,0)","button_gradient_top_color_hover":"rgba(255,255,255,.035)","button_gradient_bottom_color_hover":"rgba(255,255,255,.035)","button_accent_color":"rgba(255,255,255,.75)","button_accent_hover_color":"rgba(255,255,255,.9)","button_bevel_color":"#ffffff","button_border_width":"1","carousel_nav_color":"rgba(0,0,0,.85)","carousel_hover_color":"rgba(0,0,0,.95)","carousel_speed":"2500","checklist_icons_color":"#ffffff","checklist_circle":"1","checklist_circle_color":"rgba(255,255,255,0)","content_box_bg_color":"rgba(255,255,255,0)","content_box_title_size":"18px","content_box_title_color":"#242930","content_box_body_color":"#747474","content_box_icon_size":"21px","content_box_icon_color":"#ffffff","content_box_icon_circle":"yes","content_box_icon_circle_radius":"50%","content_box_icon_bg_color":"#333333","content_box_icon_bg_inner_border_color":"#333333","content_box_icon_bg_inner_border_size":"1","content_box_icon_bg_outer_border_color":"rgba(255,255,255,0)","content_box_icon_bg_outer_border_size":"0","content_box_icon_hover_type":"fade","content_box_hover_animation_accent_color":"#2ba0a3","content_box_link_type":"text","content_box_link_area":"link-icon","content_box_link_target":"_self","content_box_margin":{"top":"0px","bottom":"60px"},"countdown_timezone":"site_time","countdown_show_weeks":"no","countdown_background_color":"#a0ce4e","countdown_background_image":{"url":"","id":"","height":"","width":"","thumbnail":""},"countdown_background_repeat":"no-repeat","countdown_background_position":"center center","countdown_counter_box_color":"#333333","countdown_counter_text_color":"#ffffff","countdown_heading_text_color":"#ffffff","countdown_subheading_text_color":"#ffffff","countdown_link_text_color":"#ffffff","countdown_link_target":"_self","counter_box_speed":"1000","counter_box_color":"#9e9e9e","counter_box_title_size":"50px","counter_box_icon_size":"50px","counter_box_body_color":"#747474","counter_box_body_size":"13px","counter_box_border_color":"#e0dede","counter_box_icon_top":"no","counter_filled_color":"#9e9e9e","counter_unfilled_color":"#f6f6f6","dropcap_color":"#2ba0a3","flip_boxes_front_bg":"#f6f6f6","flip_boxes_front_heading":"#333333","flip_boxes_front_text":"#747474","flip_boxes_back_bg":"#9e9e9e","flip_boxes_back_heading":"#eeeded","flip_boxes_back_text":"#ffffff","flip_boxes_border_size":"1","flip_boxes_border_color":"rgba(255,255,255,0)","flip_boxes_border_radius":"4px","full_width_bg_color":"rgba(255,255,255,0)","full_width_border_size":"0","full_width_border_color":"#eae9e9","icon_circle_color":"#2ba0a3","icon_border_color":"#2ba0a3","icon_color":"#ffffff","imgframe_border_color":"#f6f6f6","imageframe_border_size":"0","imageframe_border_radius":"0px","imgframe_style_color":"#000000","modal_bg_color":"#f6f6f6","modal_border_color":"#ebebeb","person_background_color":"rgba(0,0,0,0)","person_border_color":"#f6f6f6","person_border_size":"0","person_border_radius":"0px","person_style_color":"#000000","person_alignment":"Left","person_icon_position":"Top","popover_heading_bg_color":"#f6f6f6","popover_content_bg_color":"#ffffff","popover_border_color":"#ebebeb","popover_text_color":"#747474","popover_placement":"Top","full_boxed_pricing_box_heading_color":"#242930","sep_pricing_box_heading_color":"#ffffff","pricing_box_color":"#5a5d62","pricing_bg_color":"#ffffff","pricing_border_color":"#f8f8f8","pricing_divider_color":"#ffffff","progressbar_height":"37px","progressbar_text_position":"on_bar","progressbar_filled_color":"rgba(255,255,255,0)","progressbar_filled_border_color":"#ffffff","progressbar_filled_border_size":"2","progressbar_unfilled_color":"rgba(255,255,255,0)","progressbar_text_color":"#ffffff","section_sep_border_size":"1","section_sep_bg":"#f6f6f6","section_sep_border_color":"#f6f6f6","sep_color":"#e0dede","separator_circle":"1","separator_border_size":"1","social_links_font_size":"16px","social_links_color_type":"custom","social_links_icon_color":"#bebdbd","social_links_boxed":"0","social_links_box_color":"#e8e8e8","social_links_boxed_radius":"4px","social_links_boxed_padding":"8px","social_links_tooltip_placement":"Top","tabs_bg_color":"#ffffff","tabs_inactive_color":"#ebeaea","tabs_border_color":"#ebeaea","tagline_bg":"#f6f6f6","tagline_border_color":"#f6f6f6","tagline_margin":{"top":"0px","bottom":"84px"},"testimonial_bg_color":"#f6f6f6","testimonial_text_color":"#747474","testimonials_speed":"4000","testimonials_random":"0","title_style_type":"none","title_border_color":"#e0dede","title_margin":{"top":"0px","bottom":"30px"},"accordion_divider_line":"1","accordian_inactive_color":"#333333","user_login_text_align":"center","user_login_form_background_color":"#f6f6f6","blog_show_page_title_bar":"1","blog_title":"Blog","blog_subtitle":"","blog_layout":"Large","blog_archive_layout":"Medium","blog_pagination_type":"Pagination","blog_load_more_posts_button_bg_color":"#2e323a","blog_grid_columns":"3","blog_grid_column_spacing":"40","content_length":"Excerpt","excerpt_length_blog":"55","strip_html_excerpt":"1","featured_images":"1","alternate_date_format_month_year":"m, Y","alternate_date_format_day":"j","timeline_date_format":"F Y","blog_width_100":"0","featured_images_single":"1","blog_pn_nav":"0","blog_post_title":"below","author_info":"0","social_sharing_box":"1","related_posts":"1","blog_comments":"0","post_meta":"1","post_meta_author":"1","post_meta_date":"1","post_meta_cats":"1","post_meta_comments":"1","post_meta_read":"1","post_meta_tags":"0","meta_font_size":"12px","date_format":"F jS, Y","portfolio_items":"12","portfolio_archive_layout":"Portfolio Three Column","portfolio_column_spacing":"30","portfolio_content_length":"Excerpt","excerpt_length_portfolio":"0","portfolio_strip_html_excerpt":"1","grid_pagination_type":"Infinite Scroll","portfolio_load_more_posts_button_bg_color":"#2e323a","portfolio_text_layout":"unboxed","portfolio_slug":"portfolio","portfolio_featured_image_size":"full","portfolio_pn_nav":"1","portfolio_featured_images":"1","portfolio_disable_first_featured_image":"1","portfolio_featured_image_width":"full","portfolio_width_100":"0","portfolio_project_desc_title":"1","portfolio_project_details":"1","portfolio_link_icon_target":"0","portfolio_comments":"0","portfolio_author":"0","portfolio_social_sharing_box":"0","portfolio_related_posts":"1","social_media_icons":{"avadaredux_repeater_data":[{"title":""},{"title":""},{"title":""},{"title":""},{"title":""},{"title":""},{"title":""}],"icon":["facebook","twitter","flickr","youtube","instagram","pinterest","gplus"],"url":["#","#","#","#","#","#","#"],"custom_title":["","","","","","",""],"custom_source":[{"url":"","id":"","height":"","width":"","thumbnail":""},{"url":"","id":"","height":"","width":"","thumbnail":""},{"url":"","id":"","height":"","width":"","thumbnail":""},{"url":"","id":"","height":"","width":"","thumbnail":""},{"url":"","id":"","height":"","width":"","thumbnail":""},{"url":"","id":"","height":"","width":"","thumbnail":""},{"url":"","id":"","height":"","width":"","thumbnail":""}]},"header_social_links_font_size":"16px","header_social_links_tooltip_placement":"Bottom","header_social_links_color_type":"custom","header_social_links_icon_color":"#bebdbd","header_social_links_boxed":"0","header_social_links_box_color":"#e8e8e8","header_social_links_boxed_radius":"4px","header_social_links_boxed_padding":"8px","icons_footer":"0","footer_social_links_font_size":"16px","footer_social_links_tooltip_placement":"Right","footer_social_links_color_type":"custom","footer_social_links_icon_color":"#828c8e","footer_social_links_boxed":"1","footer_social_links_box_color":"#2c3038","footer_social_links_boxed_radius":"50%","footer_social_links_boxed_padding":"8px","sharing_social_tagline":"Share This Story, Choose Your Platform!","sharing_box_tagline_text_color":"#333333","social_bg_color":"#f8f8f8","sharing_social_links_font_size":"18px","sharing_social_links_tooltip_placement":"Top","sharing_social_links_color_type":"custom","sharing_social_links_icon_color":"#828c8e","sharing_social_links_boxed":"1","sharing_social_links_box_color":"#2b2e35","sharing_social_links_boxed_radius":"50%","sharing_social_links_boxed_padding":"12px","sharing_facebook":"1","sharing_twitter":"1","sharing_reddit":"0","sharing_linkedin":"1","sharing_google":"1","sharing_tumblr":"0","sharing_pinterest":"1","sharing_vk":"0","sharing_email":"0","posts_slideshow_number":"5","slideshow_autoplay":"1","slideshow_smooth_height":"1","slideshow_speed":"7000","pagination_video_slide":"0","slider_nav_box_dimensions":{"width":"25px","height":"65px"},"slider_arrow_size":"14px","tfes_dimensions":{"width":"100%","height":"400px"},"tfes_animation":"sides","tfes_autoplay":"1","tfes_interval":"3000","tfes_speed":"800","tfes_width":"150","es_title_font_size":"42px","es_caption_font_size":"20px","es_title_color":"#333333","es_caption_color":"#747474","status_lightbox":"1","status_lightbox_single":"1","lightbox_behavior":"all","lightbox_skin":"metro-black","lightbox_path":"vertical","lightbox_animation_speed":"Fast","lightbox_arrows":"1","lightbox_gallery":"1","lightbox_autoplay":"0","lightbox_slideshow_speed":"5000","lightbox_opacity":"0.925","lightbox_title":"0","lightbox_desc":"0","lightbox_social":"0","lightbox_deeplinking":"1","lightbox_post_images":"1","lightbox_video_dimensions":{"width":"1280px","height":"720px"},"email_address":"","contact_comment_position":"below","recaptcha_public":"","recaptcha_private":"","recaptcha_color_scheme":"light","gmap_api":"","gmap_type":"roadmap","gmap_dimensions":{"width":"100%","height":"415px"},"gmap_topmargin":"55px","gmap_address":"775 New York Ave, Brooklyn, Kings, New York 11203","map_zoom_level":"8","map_pin":"1","gmap_pin_animation":"1","map_popup":"0","map_scrollwheel":"1","map_scale":"1","map_zoomcontrol":"1","map_styling":"default","map_overlay_color":"#2ba0a3","map_infobox_styling":"default","map_infobox_content":"","map_infobox_bg_color":"rgba(255,255,255,0)","map_infobox_text_color":"#747474","map_custom_marker_icon":"","search_layout":"Grid","search_content":"Posts and Pages","search_excerpt":"1","search_results_per_page":"10","search_featured_images":"1","search_new_search_position":"top","sidenav_behavior":"Hover","featured_image_placeholder":"1","excerpt_base":"Words","disable_excerpts":"1","link_read_more":"0","comments_pages":"0","featured_images_pages":"1","faq_featured_image":"0","faq_filters":"yes","nofollow_social_links":"0","social_icons_new":"1","related_posts_layout":"title_below_image","number_related_posts":"5","related_posts_columns":"3","related_posts_column_spacing":"10","related_posts_image_size":"cropped","related_posts_autoplay":"1","related_posts_speed":"2500","related_posts_navigation":"0","related_posts_swipe":"1","related_posts_swipe_items":"1","image_rollover":"1","image_rollover_direction":"bottom","image_rollover_icon_size":"20px","link_image_rollover":"1","zoom_image_rollover":"1","title_image_rollover":"1","cats_image_rollover":"0","icon_circle_image_rollover":"1","image_gradient_top_color":"rgba(43,160,163,0.85)","image_gradient_bottom_color":"#2ba0a3","image_rollover_text_color":"rgba(0,0,0,.65)","image_rollover_icon_color":"#ffffff","pagination_box_padding":{"width":"6px","height":"2px"},"pagination_text_display":"1","pagination_font_size":"12px","form_input_height":"40px","form_bg_color":"#373d4d","form_text_color":"#ffffff","form_border_color":"rgba(255,255,255,.5)","timeline_bg_color":"rgba(255,255,255,0)","timeline_color":"#ebeaea","google_analytics":"","space_head":"","space_body":"","pw_jpeg_quality":"100","smooth_scrolling":"0","disable_builder":"1","disable_code_block_encoding":"1","disable_megamenu":"1","avada_rev_styles":"1","avada_styles_dropdowns":"1","use_animate_css":"1","disable_mobile_animate_css":"0","disable_mobile_image_hovers":"1","status_yt":"1","status_vimeo":"1","status_gmap":"1","status_totop":"1","status_totop_mobile":"1","status_fusion_slider":"1","status_eslider":"1","status_fontawesome":"1","status_opengraph":"1","disable_date_rich_snippet_pages":"1","dev_mode":"0","dynamic_css_compiler":"1","dynamic_css_db_caching":"1","cache_server_ip":"","custom_css":"\/* top border on dropdown *\/\r\n.fusion-main-menu .sub-menu { border-top: 1px solid #ffffff; }\r\n\r\n\/* Center footer widgets on mobile *\/\r\n@media only screen and (max-width: 800px) {\r\n.fusion-footer #text-4 .fusion-button-wrapper.fusion-alignright {  float: none; margin: 0; }\r\n.fusion-footer #social_links-widget-2 .fusion-social-networks.boxed-icons { text-align: center;}\r\n.fusion-footer .widget .fusion-social-networks.boxed-icons .fusion-social-network-icon:last-child { margin-right: 0;}\r\n.fusion-footer #text-4 { text-align: center; }\r\n.fusion-footer .fusion-columns .fusion-column { margin-bottom: 25px;}\r\n}","scheme_type":"","color_scheme":"Green","sidebar_break_point":"800","header_sticky_menu_color":"#ffffff","portfolio_title_display":"all","portfolio_text_alignment":"left","portfolio_layout_padding":{"top":"25px","bottom":"25px","left":"25px","right":"25px"},"dependencies_status":"1","separator_style_type":"double","visibility_small":"640","visibility_medium":"1024","footer_link_color_hover":"#2ba0a3","copyright_text_color":"#5a5d62","copyright_link_color":"#868a92","copyright_link_color_hover":"#2ba0a3","container_padding":{"top":"0px","bottom":"0px","left":"30px","right":"30px"},"container_padding_default":{"top":"0px","bottom":"0px","left":"0px","right":"0px"},"container_padding_100":{"top":"0px","bottom":"0px","left":"30px","right":"30px"},"avadaredux-backup":"1"}