[{"avada-blog-sidebar":["text-3","recent-posts-2","recent_works-widget-2","tweets-widget-2","categories-2","facebook-like-widget-2"],"avada-footer-widget-1":["social_links-widget-2"],"avada-footer-widget-2":["text-4"]},{"text":{"3":{"title":"","text":"[fusion_imageframe lightbox=\"no\" lightbox_image=\"\" style_type=\"none\" hover_type=\"liftup\" bordercolor=\"\" bordersize=\"0px\" borderradius=\"0\" stylecolor=\"\" align=\"none\" link=\"http:\/\/themeforest.net\/item\/avada-responsive-multipurpose-theme\/2833226?ref=ThemeFusion\" linktarget=\"_blank\" animation_type=\"0\" animation_direction=\"down\" animation_speed=\"0.1\" hide_on_mobile=\"no\" class=\"\" id=\"\"] <img alt=\"\" src=\"https:\/\/avada.theme-fusion.com\/architecture\/wp-content\/uploads\/sites\/21\/2015\/06\/sidebar_ad.jpg\" \/>[\/fusion_imageframe]","filter":false},"4":{"title":"","text":"[fusion_button link=\"\" color=\"custom\" size=\"large\" type=\"\" shape=\"\" target=\"_self\" title=\"\" gradient_colors=\"#2b2e35\" gradient_hover_colors=\"#2f333a\" accent_color=\"#fff\" accent_hover_color=\"#fff\" bevel_color=\"\" border_width=\"0px\" icon=\"\" icon_position=\"left\" icon_divider=\"no\" modal=\"contact\" animation_type=\"0\" animation_direction=\"left\" animation_speed=\"1\" alignment=\"right\" class=\"\" id=\"\"]Get In Touch[\/fusion_button]\r\n\r\n\r\n\r\n[fusion_modal name=\"contact\" title=\"\" size=\"large\" background=\"#373d4d\" border_color=\"#31343c\" show_footer=\"no\" class=\"\" id=\"\"][fusion_builder_container background_color=\"\" background_image=\"\" background_parallax=\"left\" enable_mobile=\"no\" parallax_speed=\"0.7\" background_repeat=\"no-repeat\" background_position=\"center center\" video_url=\"\" video_aspect_ratio=\"16:9\" video_webm=\"\" video_mp4=\"\" video_ogv=\"\" video_preview_image=\"\" overlay_color=\"\" overlay_opacity=\"0.5\" video_mute=\"yes\" video_loop=\"yes\" fade=\"no\" border_size=\"0px\" border_color=\"transparent\" border_style=\"solid\" padding_top=\"\" padding_bottom=\"\" padding_left=\"\" padding_right=\"\" hundred_percent=\"no\" equal_height_columns=\"no\" hide_on_mobile=\"no\" menu_anchor=\"\" class=\"\" id=\"\"][fusion_builder_row][fusion_builder_column type=\"2_5\" last=\"no\" class=\"\" id=\"\"]\r\n\r\n[fusion_separator style_type=\"none\" top_margin=\"25\" bottom_margin=\"0\" sep_color=\"\" icon=\"\" width=\"\" class=\"\" id=\"\"]\r\n\r\n[fusion_imageframe lightbox=\"no\" style_type=\"none\" bordercolor=\"\" bordersize=\"0px\" borderradius=\"0\" stylecolor=\"\" align=\"none\" link=\"\" linktarget=\"_self\" animation_type=\"0\" animation_direction=\"down\" animation_speed=\"0.1\" class=\"\" id=\"\"]<img src=\"https:\/\/avada.theme-fusion.com\/architecture\/wp-content\/uploads\/sites\/21\/2015\/02\/logo-avada-architect-retina.png\" alt=\"\" \/>[\/fusion_imageframe]\r\n\r\n[fusion_separator style_type=\"none\" top_margin=\"25\" bottom_margin=\"0\" sep_color=\"\" icon=\"\" width=\"\" class=\"\" id=\"\"]\r\n\r\n[fusion_imageframe lightbox=\"no\" lightbox_image=\"\" style_type=\"none\" hover_type=\"none\" bordercolor=\"\" bordersize=\"0px\" borderradius=\"0\" stylecolor=\"\" align=\"none\" link=\"\" linktarget=\"_self\" animation_type=\"0\" animation_direction=\"down\" animation_speed=\"0.1\" hide_on_mobile=\"no\" class=\"\" id=\"\"] <img alt=\"\" src=\"https:\/\/avada.theme-fusion.com\/architecture\/wp-content\/uploads\/sites\/21\/2015\/02\/image10.jpg\" \/>[\/fusion_imageframe]\r\n\r\n[fusion_separator style_type=\"none\" top_margin=\"5\" bottom_margin=\"5\" sep_color=\"\" icon=\"\" width=\"\" class=\"\" id=\"\"]\r\n\r\n<p style=\"color: #fff;\">Fill out the form and our team will be in touch with you promptly. Thank you for your interest!\r\n<\/p>\r\n[\/fusion_builder_column]\r\n\r\n[fusion_builder_column type=\"3_5\" last=\"yes\" class=\"\" id=\"\"]\r\n[contact-form-7 id=\"413\" title=\"Contact Form Popup\"]\r\n[\/fusion_builder_column][\/fusion_builder_row][\/fusion_builder_container][\/fusion_modal]","filter":false},"_multiwidget":1},"recent-posts":{"2":{"title":"","number":6,"show_date":false},"_multiwidget":1},"recent_works-widget":{"2":{"title":"Recent Works","number":"9"},"_multiwidget":1},"tweets-widget":{"2":{"title":"Recent Tweets","consumer_key":"","consumer_secret":"","access_token":"","access_token_secret":"","twitter_id":"theme_fusion","count":"2","widget_id":"","widget_type":"twitter_style","width":"","height":"","theme":"light","link_color":"#2ba0a3","border_color":"#ebeaea","show_header":null,"show_footer":null,"show_borders":"on","transparent_bg":null},"_multiwidget":1},"categories":{"2":{"title":"","count":0,"hierarchical":0,"dropdown":0},"_multiwidget":1},"facebook-like-widget":{"2":{"title":"Find us on Facebook","page_url":"http:\/\/www.facebook.com\/pages\/Themefusion\/101565403356430","width":"222","show_faces":"on","show_stream":null,"show_header":null,"small_header":"on"},"_multiwidget":1},"social_links-widget":{"2":{"title":"","linktarget":"","icon_color":"#828c8e","boxed_icon":"Yes","boxed_color":"#2b2e35","boxed_icon_radius":"50%","tooltip_pos":"Top","show_custom":"No","fb_link":"#","flickr_link":"","rss_link":"#","twitter_link":"#","vimeo_link":"","youtube_link":"","instagram_link":"","pinterest_link":"","tumblr_link":"","google_link":"","dribbble_link":"","digg_link":"","linkedin_link":"#","blogger_link":"","skype_link":"","forrst_link":"","myspace_link":"","deviantart_link":"","yahoo_link":"","reddit_link":"","paypal_link":"","dropbox_link":"","soundcloud_link":"","vk_link":"","icons_font_size":"18px","boxed_icon_padding":"12px"},"_multiwidget":1}}]